symbol,listing_date,as_of,raw_rows,factor_intervals,price_events,latest_ma20_status,proof_sha256
001232.SZ,2026-08-04,2026-09-30,41,2,1,available,674e4a17c65fafa45ac86dff9ee8a2c81841d93dea7b1b70eb5a9538933f3f51
001237.SZ,2026-05-22,2026-09-30,92,1,0,available,b0ab82483d9e0a23bb703bd12da8ac2b22a37ee81a7f543f53d996fabd807a1f
001239.SZ,2023-12-12,2026-09-30,680,1,0,available,2b0f6e3693674d0d676bd3951c1a19177fcf666f18e909b8cf06eec38fc65e7b
001246.SZ,2026-09-30,2026-09-30,1,1,0,insufficient_history,2b98f412ada1c381c90221eb00fd683b46700ad51053191cfa96df3debbc1b1f
001248.SZ,2026-07-02,2026-09-30,64,1,0,available,84d96ef53ca5965e5b9c1a8485e6bc2be2a2e8340fa3075de7734e512c39271c
001330.SZ,2022-08-18,2026-09-30,999,1,0,available,c5f6a830ea02ecfebfece122fa47cca06bb9f5249bf7874ad01290ca2d9e1fb3
001365.SZ,2026-05-18,2026-09-30,96,1,0,available,54778bcb8bc4e13d8b8a55c1aa650cdc0923085c8069ac1ce25b5a9a07c9d17a
001393.SZ,2026-05-15,2026-09-30,97,1,0,available,087e84668c9a30b1086b165fb7a5bea7f50e846a413c2f60463d9eaf7d9b1429
001399.SZ,2026-06-26,2026-09-30,68,1,0,available,f9402620a92f67a16b97a83566d838de595369a7872df5db69ea85a2c59da4a6
301292.SZ,2023-07-07,2026-09-30,786,1,0,available,e382976c38846aa04670f0c252502b21e0b4d707e290a756b5d0abd398b5e63e
301531.SZ,2026-05-11,2026-09-30,101,1,0,available,85a95de1eea18ed165de133341695a28f687329fb88e7afd63ac1bb946368c6c
301565.SZ,2024-06-20,2026-09-30,556,1,0,available,dbfa3cdcca882647a1608eb10d63088344fc744dd088b8ec6f68904f9952c938
301583.SZ,2026-07-10,2026-09-30,58,1,0,available,0f075a1aac8816ef817229cbfb0fe7c0c396a8f110daf8053e184fb6143db02c
301599.SZ,2026-04-30,2026-09-30,105,2,1,available,ca3f06bc72f0fee85645fd9a4ae2f424e6b4989f1742947b8fb82b0ff465b633
301655.SZ,2026-08-20,2026-09-30,29,1,0,available,b015fc4b5809ba9ae2158b6d808a9fc0d1d722d53fd5a63ba5b176a447253237
301666.SZ,2026-04-16,2026-09-30,112,1,0,available,78930605742771761170b6aedb5b1876e34ca58c613aee9d91bc362c35a3be03
301669.SZ,2026-06-09,2026-09-30,80,1,0,available,3d1f8617b2f65c151104099c203858b11025794786c4c871c51c451c392eedfd
301677.SZ,2026-07-30,2026-09-30,44,1,0,available,f864188181c45197c4fc017ebc542a0830574fbe388b13d254f97cfd077b01a8
301686.SZ,2026-09-22,2026-09-30,6,1,0,insufficient_history,ddb2e2b24bfda8b3be87f560228cb309d4054f07ec68e2b95c60e9bf837a3fdb
301688.SZ,2026-09-02,2026-09-30,20,1,0,available,75f2980a4eca6f4a9bb6bad6a3592556f1e7451393993eb409b8b5afca98617a
301689.SZ,2026-09-10,2026-09-30,14,1,0,insufficient_history,24982e91bc8151e24000eaa6849cbb27df99cce639248e7310aaa518ed669e2d
301697.SZ,2026-09-01,2026-09-30,21,1,0,available,358b7fcdce735fde68f7d74875ebc8774957d92f39df35386e8e92cf33984992
301699.SZ,2026-09-09,2026-09-30,15,1,0,insufficient_history,cdc12016d0e94ab3e0fffea4f29b777b23082dc3e6e92aca5b9878080a49708a
301707.SZ,2026-08-07,2026-09-30,38,1,0,available,468caab8f079f078e43080a9f918951075be304e2b66f15203566484164f720c
301716.SZ,2026-09-29,2026-09-30,2,1,0,insufficient_history,b709833e811d3e8bfee5af8acb8b527ff5c6af956c7bb3f8b545e2928640e60b
301717.SZ,2026-08-11,2026-09-30,36,1,0,available,910f6c279afc99b818747a457ac10f90caf8c5de55e8474238784cd4882258e4
601091.SH,2026-09-17,2026-09-30,9,1,0,insufficient_history,f246a90b2acf972e68f340e98cd22d8e1e72787c3287ba29910e8b4dbcbdbe51
601123.SH,2026-09-01,2026-09-30,21,1,0,available,b5ea549e0337ee0ec84325259b0c529c2d685754c4f7d31261a2c4acc170feaf
601399.SH,2020-06-08,2026-09-30,1533,1,0,available,eaae9f9cbf36da32d5d930e99305873b54afac5811877884d4aec4cfe1988d87
603293.SH,2026-04-16,2026-09-30,115,1,0,available,0ee1868eeb86e1643faec2f90b43f00be1cd69adf77a0ef07de9c8e78beb0fcd
603407.SH,2026-05-11,2026-09-30,101,1,0,available,b643da1faa0e3d014c4b0b414d34eff1fe167e5fafb904a28b92690154040b1e
603435.SH,2026-05-22,2026-09-30,92,1,0,available,eedab10fa5df02539516dabf66b8cf17ad01b04cd07553d2a07e7555c95f6b04
603448.SH,2026-09-07,2026-09-30,17,1,0,insufficient_history,edfd199393485210c20c42270dfd267088c5616ce3a86be5c73bb4778b0941a6
603459.SH,2026-04-08,2026-09-30,121,1,0,available,18d2c3f67eb49c62cdb0a9c00cfc2f70577ff60324e49e55645df13fb6c4e7db
603468.SH,2026-08-06,2026-09-30,39,1,0,available,798f1ee4edab39887faed768a221073624ab127854b1571d9ab102f1e88e461c
688031.SH,2022-10-18,2026-09-30,962,1,0,available,14c65c3b07911d31be5dce4a5266cdfbe6828ea1ce12c21cdae2874f92857941
688047.SH,2022-06-24,2026-09-30,1038,1,0,available,32438591efa0c8ff19a5318b40f78553fb21b4ad129285582b0d558d5949b0b9
688062.SH,2022-01-18,2026-09-30,1140,1,0,available,9276e11d1991e21a67dee78c3ce8f3695c451e992b165719dbc70d09d6be135e
688071.SH,2021-07-29,2026-09-30,1255,1,0,available,19cad106cc6d1491144a0c12ec86df7a826a24bc11b18ba0c590a400decad847
688107.SH,2021-11-12,2026-09-30,1186,1,0,available,5697d2f289674bd6db157dceee31cbf3def9374da28d341312ae64ec6031f135
688132.SH,2022-09-23,2026-09-30,968,1,0,available,8090fc872c9d59e352f80e59d83f090097d84781d0fcacb48191f6b0d4b41b89
688141.SH,2022-12-23,2026-09-30,914,1,0,available,47cc8b030503716fea86f3cc16923bce70ef10fb0b74bd9c07560fb6b9d0ce3b
688165.SH,2020-07-15,2026-09-30,1499,1,0,available,4cbf5272cd75950777ca8d958734dcd504c28f869a97e7f0041f173c0413043f
688173.SH,2022-01-21,2026-09-30,1128,1,0,available,2341883a3d7504ec8da9bc728c51e45262fc6e8b0fcf8a3620ea692c6510e2a7
688176.SH,2022-01-07,2026-09-30,1147,1,0,available,0670033f5be73fc16ae545bf36f144d974f79670d42a033faf623d7e99569798
688177.SH,2020-02-21,2026-09-30,1606,1,0,available,7d372124026d1edc3ca0a7e364834ed32d6c128ddb85d642d84efc1f358c9809
688180.SH,2020-07-15,2026-09-30,1509,1,0,available,5e5512f698a226448952efdf56a755b165178471274c4c515c16885d497b5c2f
688192.SH,2021-12-10,2026-09-30,1166,1,0,available,a80dc9ff915db41caac3306d30312ab70602da43a680afc9ac23430637da9908
688197.SH,2022-03-23,2026-09-30,1099,1,0,available,a72603539e209a6b651cf49628d32e4d6be6cf78b9b570289cbfe1c017c605af
688220.SH,2022-01-14,2026-09-30,1142,1,0,available,01f92234339ebc91e6f90a522892b4a91850ec41f687b0f56f6bfbf578f3a6d8
688221.SH,2020-10-28,2026-09-30,1440,1,0,available,b224afcd336dec544a339f97e7c39e753badc96c70d8c860fa136652b6bec8fb
688234.SH,2022-01-12,2026-09-30,1144,1,0,available,9c5ce05af06bda570f7b89434a7853672796fd8a7d4e61ea26657bc2bb0f3c2f
688235.SH,2021-12-15,2026-09-30,1163,1,0,available,cc16ec55eb9082162a71d3a826a9eef040183df2a506621a95c7ee2735cef5a5
688246.SH,2021-12-14,2026-09-30,1164,1,0,available,2d61d6d8e43c52fdf11162e1260ca2630f74892f48b8cbc9385b8383aaac2a5e
688266.SH,2020-01-23,2026-09-30,1621,1,0,available,ed9e1f03c9eba4352cd50e371acbc5ca06209107d3e1d9f69a5d3b54c1b0051e
688277.SH,2020-07-07,2026-09-30,1505,1,0,available,00d59f2a3c70a3625e958c22b9ddb524006feba2e660ebff415df2c7ccdbd390
688280.SH,2021-10-27,2026-09-30,1198,1,0,available,c5fcfba49b38084eb7837bafc425e4194f8f00ab10cd58488527b40d09195307
688302.SH,2022-04-12,2026-09-30,1087,1,0,available,a9ff5e82a73a5dfc64a77956ace9a1f92902c142734b0e0b26fd1e9a55256779
688316.SH,2021-03-16,2026-09-30,1347,1,0,available,d65608d3f92a718d1ec79cdd9919fa3dce772d8966c40f50e26d49c69da398d5
688322.SH,2022-07-07,2026-09-30,1029,1,0,available,93121753dd3d946a89e187a7545936999310a0017793e9745b9a81d0acc1814b
688331.SH,2022-03-31,2026-09-30,1093,1,0,available,ab2eb1a597738996d10f4db438f61ea2236a5f2934aad73d0fa61825868ad2cf
688343.SH,2023-04-04,2026-09-30,848,1,0,available,54c6335b16ba7b6b7a5bdbd1f11832670a10ed32fd631b2d78d6e7d3ab299869
688373.SH,2022-08-05,2026-09-30,1008,1,0,available,fe37321939003ba416a0108993e2c350a6b5293cf8edc12dfb8fbcaac73d2646
688382.SH,2022-07-25,2026-09-30,1017,1,0,available,ad1b79feadb29d28f015ddb72b54e11b94528fefea10dc5fcade1060f56a5ef3
688387.SH,2022-09-26,2026-09-30,973,1,0,available,91df5dab1369eec7e1d3531c53d77f56d8be50464484ae56bbe36abc74066ec2
688428.SH,2022-09-21,2026-09-30,976,1,0,available,334ee1dfd162a4d2eee96ef322fa792ac58c4a645c4606b10ec2ff6a4595d144
688435.SH,2023-01-19,2026-09-30,896,1,0,available,c05133fc27f9cc82241615b93319f32f2c3fce22aa35aaec8197d5b47157b349
688443.SH,2023-06-20,2026-09-30,797,1,0,available,f3f63ff97c09e6ac638be3239897da5e570da41d98612645d35915cd5339595f
688469.SH,2023-05-10,2026-09-30,826,1,0,available,372474fba412e35244ea04e8494bd75cb1c053ee6bc359eb7cd9a9760ae6d483
688506.SH,2023-01-06,2026-09-30,905,1,0,available,0c28c9997415035af5858e7069d9e1385afe8594ef5e225bab362e879e6fc9e2
688512.SH,2023-05-16,2026-09-30,822,1,0,available,d615bc63ec346f2592106cc73871b82e947c133ac388d296d1ac40ba344fe862
688515.SH,2023-02-10,2026-09-30,885,1,0,available,66839ae6a24675373441627925d5f32fe8eb038960d1a088e8caa063b0aa372f
688520.SH,2020-06-22,2026-09-30,1524,1,0,available,c3963bc52b28b7f3661e6b8419878eb5e7303dd3b4ee44b71414299d56d82be2
688521.SH,2020-08-18,2026-09-30,1475,1,0,available,285881ccee58eeed2d2153701a8bd7b61e59985614bc26f51fbcf00f575e3757
688538.SH,2021-05-28,2026-09-30,1298,1,0,available,84c38e07bfaec07a22260637360ac16e734a2331c8cd825abc2d50c1011d6468
688561.SH,2020-07-22,2026-09-30,1504,1,0,available,1303fbdef1ba79f9754691c543d15d06064709c740af2869a7c16efbe157acf2
688567.SH,2020-07-17,2026-09-30,1500,1,0,available,a4ebbedd25551a6c26f0db13a12cfabb43acc09552143e9cf2fcebbc07e81480
688635.SH,2026-05-27,2026-09-30,89,1,0,available,dec5300a27de915b3d9122758ddfee89ea43250a169c753569fc1c52b84dbb55
688653.SH,2023-11-17,2026-09-30,697,1,0,available,389e3450fd6f28cf5b68f6fbb36c15097a706c4f2cf8eed81b834ec6184a67a5
688702.SH,2023-09-14,2026-09-30,737,1,0,available,daf69bde5033094abf85ca2dbcd63b0842f038fd6ac7214f005b99ce07f49f0e
688712.SH,2026-02-05,2026-09-30,158,1,0,available,90e202efb9784391ce80f93ba63689cb2526ad349673d4aed507f8dfe724d7c1
688727.SH,2025-11-18,2026-09-30,213,1,0,available,a0d745adcd649d422c95330f8bc9ab904a26b7794b5b88572e24fd1adffbe5b8
688759.SH,2025-10-28,2026-09-30,228,1,0,available,9255033721bcd92649b2973add934f07848db835d61619e40ae8b21c5a7d474d
688765.SH,2025-10-28,2026-09-30,228,1,0,available,53bf0caaefa77e0839bd195cbc0bed400254a3cf9aa1ccfa507c9c1742b2e1ed
688781.SH,2026-03-25,2026-09-30,130,1,0,available,0233d26d307c5fd9bc971e7a7b7f6be18feefa4f30057b73a28f0d4e83295763
688783.SH,2025-10-28,2026-09-30,228,1,0,available,34d39deabba0bca8d6e042f795f05c3d061c4f7f104ccadb40769ff5cb5e09fd
688790.SH,2025-12-16,2026-09-30,193,1,0,available,7c2e433a581f005587940dc654274f79be4ea50b179404fd207017941e57da32
688795.SH,2025-12-05,2026-09-30,200,1,0,available,9c5ea1a39d1a73d130585c06d75c81393d8136c7819a6cdc9a7d0b3577763242
688796.SH,2025-12-10,2026-09-30,197,1,0,available,1d1c5bb47536bdca0f308356e1df98e37bae782d185696849c288f162dee52a4
688797.SH,2026-06-24,2026-09-30,70,1,0,available,f0fa8f01e1899584246998994ebdb676428523435403eca4ccfc223799a13eb4
688801.SH,2026-09-11,2026-09-30,13,1,0,insufficient_history,6c30259322793cd62b0556456def72bf9ba8f31973befdc3855ff588e38d0a08
688802.SH,2025-12-17,2026-09-30,192,1,0,available,f5de3d14ecb58934e1c0cf126ce912599b1262af9b826fc648b596d092734533
688806.SH,2026-07-21,2026-09-30,51,1,0,available,2540bd5189cfdf546d810d60e4cc427f2c5242a9e89ad8b86a57ecafe5e12c05
688808.SH,2026-04-24,2026-09-30,109,2,1,available,f72a618319b5fa41bef63d798b2d2275b6c5fcfcc4df7054e6b5bfcd6aa877e7
688820.SH,2026-04-21,2026-09-30,112,1,0,available,8d3c5effbd6ebf73a22e0f4acffdba709bb4e128ab9a9fb83b4729529abe5f65
688825.SH,2026-07-27,2026-09-30,47,1,0,available,a7dd9e00e733d25252aa863d169d7c4845a2abe02db3b09e34a2a08a168f23b3
688826.SH,2026-08-18,2026-09-30,31,1,0,available,1f3016dbb1c1a9ee0efc31568588a719dd17b7b7b363ada4e38f98bc16be4f33
688828.SH,2026-08-11,2026-09-30,36,1,0,available,e971928529ba3144d973c15e124868afcf406b5846876012f54b2f0f8809fd61
688835.SH,2026-08-25,2026-09-30,26,1,0,available,9ad4036095177a2e7c2b128ed193c66f645e1c1bd162e39ea8fbecbae8caef8c
688836.SH,2026-08-19,2026-09-30,30,1,0,available,1f38efc64cfc1a8d1ad3b0924765d7496cae158a56c4b84b47bfc30e23758b70
688837.SH,2026-09-16,2026-09-30,10,1,0,insufficient_history,378f9db6ccfd9557434c08077f5cfdd97d98148433e566d3274939ebc38813cc
688981.SH,2020-07-16,2026-09-30,1502,1,0,available,3cd807cc34da99627fceaeb84f4653581a5e12a11edeb86329dde1b285bd34ef
920011.BJ,2026-04-08,2026-09-30,121,1,0,excluded_bj,f8be3c56f31cd97a1892eb5a829cc5cd7058eb2168cd9fe08771a5b27ed62fca
920012.BJ,2026-04-13,2026-09-30,118,2,1,excluded_bj,5f5785d52a027bf1a02475421f57240122a0409e664c14a3785434e34357ab44
920025.BJ,2026-09-23,2026-09-30,5,1,0,excluded_bj,ca0a745c88cd40d1c297813c8fd1194571bce05c524140ab7a473ad90346e5f7
920028.BJ,2026-03-20,2026-09-30,133,1,0,excluded_bj,a2502a7984bbb4f078d1d61c427dbcd9b765542bb5ec32aaffc9a248312bef4d
920038.BJ,2026-08-05,2026-09-30,40,1,0,excluded_bj,3b2da7aaf50064be1eab702b7300ca7f3dde9fb45028a12835d426516de9027b
920047.BJ,2020-11-24,2026-09-30,1421,1,0,excluded_bj,71eed69fd413e2e704983016c4d3304172a7c3578828ee78fc17e91c96f80527
920059.BJ,2026-08-19,2026-09-30,30,1,0,excluded_bj,c57524b19eed593553b2595d54245f83e54ef482c12ef6fb5c3495f1acc1f32e
920065.BJ,2026-07-29,2026-09-30,45,2,1,excluded_bj,35b8d1f4c6f7d0739ba17c11d905506d0c366cbeb7c8eae350e440a6bd3aee79
920071.BJ,2026-09-03,2026-09-30,19,1,0,excluded_bj,528fb05820ee9e2daa6b4208d46d6dd8042b3ac0dcfa8903bd67ccc73e422c38
920072.BJ,2026-06-29,2026-09-30,67,2,1,excluded_bj,895df6b741cc9849a2f1492406ed63186c3db2e86296e46d8a4d98c2b172af20
920079.BJ,2026-07-22,2026-09-30,50,1,0,excluded_bj,5f16a0a014a8ae6ce808549bc3507cc618709f52944dd35594c9fc2bb95e61e8
920081.BJ,2026-07-10,2026-09-30,58,2,1,excluded_bj,d971ac2eaaa9453362eb9f54cd125b55e539a77c0f655700b5cb77fdcba70a8f
920083.BJ,2026-06-11,2026-09-30,78,1,0,excluded_bj,7feab57cf05c3b2422e922693f4732914330ed38f05e8c80c019e7c7bf86f3cb
920093.BJ,2026-08-21,2026-09-30,28,1,0,excluded_bj,bfb7e8cb119ff8f8930a9ef5afb3202f7967adaeea64c6fd1287cbd3d18488f2
920096.BJ,2026-05-18,2026-09-30,96,2,1,excluded_bj,cb73a8dc30fb9cf571b665eddcbd3d0cee477022c23c97fc779ed7fe1053c47c
920107.BJ,2026-08-17,2026-09-30,32,1,0,excluded_bj,0763abeb5d93b7f2a38d96d06c5204edbaafbb27335fd7fa5e3f0da3d4d58e35
920117.BJ,2026-07-16,2026-09-30,54,1,0,excluded_bj,3d525cc85155cf56d3ff849330c593b67a8223975e477849a0d6a858057cc380
920125.BJ,2026-04-24,2026-09-30,109,1,0,excluded_bj,6deb67666a54be3e5ec6fa5f1b1bf65d7c642dfd846168392c09b62cd9512cdd
920126.BJ,2026-06-15,2026-09-30,76,1,0,excluded_bj,34c8197260885effb7a670d6f913ba73117f13bf7279023a03b08ce7492a42e6
920136.BJ,2026-07-09,2026-09-30,59,1,0,excluded_bj,15781ca64c757dffa7ec43f6ab47b8fd595413c698b75180c3a0a34073a1a589
920138.BJ,2026-08-12,2026-09-30,35,1,0,excluded_bj,beba9aefb564ec9c2111f380f6e0b1b956d8fa859b4c8718a61c913de9a991bf
920156.BJ,2026-04-27,2026-09-30,108,1,0,excluded_bj,ef1c0f8f072a8b0255b0b65a53afba9d9d4a308b62e9fc456847f7888ba3cdae
920161.BJ,2026-05-27,2026-09-30,89,1,0,excluded_bj,e76ca6d47cae96bd4aa6ce56fb71b0eea84d90fe0a244458dca40160697c2506
920165.BJ,2026-08-11,2026-09-30,36,2,1,excluded_bj,e35181211049f7af7a272690cd5b71496ef8ba5412d5a8a432bb499f92e9983e
920166.BJ,2026-02-12,2026-09-30,153,1,0,excluded_bj,93cdb1e4a32ea9cf3e1cb72600a47e7bf54fecbdbf3683096f57ea8db5a9fbb8
920176.BJ,2026-07-27,2026-09-30,47,2,1,excluded_bj,97bef8642066f7d0576a204348fd7e2e83dc22e4289c85ff1d92c8d3c31958f8
920177.BJ,2026-04-16,2026-09-30,115,1,0,excluded_bj,3bb8e0cf1dd09fd095317cb3266596b8e215a8e2484898c50239a8edfd65e006
920178.BJ,2026-05-15,2026-09-30,97,2,1,excluded_bj,111d6b9a1cf7a7ffccfcae631dccfd79e7af2d0b9f303973001901c06e467250
920181.BJ,2026-04-10,2026-09-30,119,1,0,excluded_bj,7f0c97bfd9de55df426fbcc145f800710e4a4555f16645b4490d68f995291a0d
920186.BJ,2026-04-29,2026-09-30,106,2,1,excluded_bj,69d5daab46e09a6d6487a078ececa056afe290aeff8ab42afccef1f546d775d4
920189.BJ,2026-07-08,2026-09-30,60,2,1,excluded_bj,b91e220cf8e70127f21cfba14411a3623682c19bb64e670b0f59bd31e6ac55f4
920191.BJ,2026-04-20,2026-09-30,113,1,0,excluded_bj,9234b582e9b330608934bffe3336ced51025f8cf5afdcd37463d85862c98cd4a
920193.BJ,2026-07-02,2026-09-30,64,1,0,excluded_bj,b50964ed9d804d499aa7b1f29ee1184ea760b1bb440e419ec561ab1a9bf706f5
920200.BJ,2026-05-07,2026-09-30,103,1,0,excluded_bj,8b4dd0e7e78a5f8f14717f5f3ce504a6f99047f520b021635b441bb8972cd7aa
920201.BJ,2026-09-24,2026-09-30,4,1,0,excluded_bj,0a58d0561d73a9dcecd963b105a678b2fe56a0f4b8330087c797093c62e186f9
920202.BJ,2026-09-29,2026-09-30,2,1,0,excluded_bj,a57a737ba0aa04efe33845edc29dba3d09b530c3d690d149d438f24257ccab3f
920206.BJ,2026-06-08,2026-09-30,81,2,1,excluded_bj,390a9f31798eafc66bc7e3159c2ce16bd86e779ac8709c6f2af6ffcb3d929d3d
920211.BJ,2026-06-05,2026-09-30,82,2,1,excluded_bj,bdb5170413c00ce5ebd380612518b80f1eb614eecac14d9b320282cf906ba9ca
920218.BJ,2026-05-29,2026-09-30,87,1,0,excluded_bj,8b6f1a0497384e79521b600eeafc625873f29db8428da75f924733d64a5404b1
920220.BJ,2026-05-22,2026-09-30,92,1,0,excluded_bj,4d59393dab8a6ec97392772ce920af6b85897404e37a7a72ba91de7b9e307a8f
920222.BJ,2026-06-30,2026-09-30,66,2,1,excluded_bj,132844bb20b122e379bc05af77d836167fd7304afc7dd983fd1c3826dd03fc1e
920223.BJ,2022-06-09,2026-09-30,1049,1,0,excluded_bj,84582d5bf536e9455407653527b7c4693e19e305a71387be9be32b60cf9f81bf
920229.BJ,2026-09-22,2026-09-30,6,1,0,excluded_bj,42b044dc86863f57dc8660b79ffd8908ed2d070b7b154e81c052f18a88afbf50
920238.BJ,2026-07-24,2026-09-30,48,1,0,excluded_bj,dfefc7e2beb260715b643aa049fc6bf2a01c0e38bd499ff9f80990deacb4619c
920258.BJ,2026-08-03,2026-09-30,42,1,0,excluded_bj,b1229f9c3d3e835ec7004751bf73188a5750be6769420eeab09d44e22980c6fa
920268.BJ,2026-09-09,2026-09-30,15,1,0,excluded_bj,564b1465c932d3ca82a4161f6e0f092d6b13cd983d0f4815a265606e7543702c
920269.BJ,2026-09-07,2026-09-30,17,1,0,excluded_bj,c2c6e90d14e590956e9a87a7d9c8ce634ea77a715ea33284de2e66f8653d919c
920288.BJ,2026-08-28,2026-09-30,23,1,0,excluded_bj,bd610fc166407fc54aeb67f35c17ac3f65ca8c26cc8a6ae427bca8924869192b
920289.BJ,2026-09-04,2026-09-30,18,1,0,excluded_bj,83bec4f46a95392f2e8ceffdba7e991480ec650cfba8509dc58eb181afd124b2
920298.BJ,2026-09-16,2026-09-30,10,1,0,excluded_bj,ffb70b360ccd983da0069cab25cdf99b4be649d60a52060a52d23f56692d2ac7
920493.BJ,2023-11-01,2026-09-30,709,1,0,excluded_bj,e447451cf6a7f99c3e3d2b6612c24d25b091be8b18674da8750c0adb56827471
920578.BJ,2023-05-12,2026-09-30,824,1,0,excluded_bj,e86fafd423cb3202e9df7af4fd180e96ca625d803e28b3274ba235cb7e9ea275
920873.BJ,2021-11-15,2026-09-30,1185,1,0,excluded_bj,9c5d8ee10725a06bdb9f77efd2b85dfc6b10741ce169a7331e68795d16ba806f
